trajectory,family,take,mode,search_status,source_frames,left_accept_frames,right_accept_frames,both_accept_frames,left_accept_coverage,right_accept_coverage,both_accept_coverage,collision_frames,edge_collision_frames,topology_invalid_frames,longest_hold_frames,maximum_position_error_mm,maximum_orientation_error_deg,maximum_velocity_rad_s,maximum_acceleration_rad_s2,limits_passed
8-11/AluminumFoilPouch_BoxPackaging/160555,8-11/AluminumFoilPouch_BoxPackaging,160555,baseline,complete,4925,0,0,0,0.0,0.0,0.0,0,0,0,4925,582.9483190153362,162.09490880716967,0.0,0.0,True
8-11/AluminumFoilPouch_BoxPackaging/160555,8-11/AluminumFoilPouch_BoxPackaging,160555,upright_table,complete,4925,0,133,0,0.0,0.02700507614213198,0.0,0,0,0,4925,575.045836477566,169.32556284544168,6.973958811962724,326.3051441193164,False
8-11/AluminumFoilPouch_BoxPackaging/160555,8-11/AluminumFoilPouch_BoxPackaging,160555,horizontal_wall,complete,4925,0,0,0,0.0,0.0,0.0,0,0,0,4925,920.8426504891919,179.9632571470209,0.0,0.0,True
8-11/AluminumFoilPouch_BoxPackaging/160555,8-11/AluminumFoilPouch_BoxPackaging,160555,inverted,complete,4925,80,0,0,0.016243654822335026,0.0,0.0,0,0,0,4925,595.7579853448403,179.9972006698724,3.459959365675349,83.40542359480834,False
8-11/Fold_Box/160710,8-11/Fold_Box,160710,baseline,complete,2506,81,316,81,0.03232242617717478,0.12609736632083002,0.03232242617717478,0,0,0,2394,640.9459969660081,130.94715074892758,11.539213598548912,555.7806257854676,False
8-11/Fold_Box/160710,8-11/Fold_Box,160710,upright_table,complete,2506,0,0,0,0.0,0.0,0.0,0,0,0,2506,393.04198349366584,170.34199880099683,0.0,0.0,True
8-11/Fold_Box/160710,8-11/Fold_Box,160710,horizontal_wall,complete,2506,0,0,0,0.0,0.0,0.0,0,0,0,2506,933.6910018780353,179.83780127598132,0.0,0.0,True
8-11/Fold_Box/160710,8-11/Fold_Box,160710,inverted,complete,2506,0,0,0,0.0,0.0,0.0,0,0,0,2506,717.3656017952692,179.99495091079612,0.0,0.0,True
8-11/Fold_Box/160754,8-11/Fold_Box,160754,baseline,complete,1964,879,622,348,0.4475560081466395,0.3167006109979633,0.17718940936863545,0,0,114,1616,247.44675920816468,81.82101027194716,14.509773706156224,641.409967249803,False
8-11/Fold_Box/160754,8-11/Fold_Box,160754,upright_table,complete,1964,0,0,0,0.0,0.0,0.0,0,0,0,1964,351.7863955187925,158.6792550360544,0.0,0.0,True
8-11/Fold_Box/160754,8-11/Fold_Box,160754,horizontal_wall,complete,1964,0,0,0,0.0,0.0,0.0,0,0,0,1964,926.841031993872,179.99884930076138,0.0,0.0,True
8-11/Fold_Box/160754,8-11/Fold_Box,160754,inverted,complete,1964,0,0,0,0.0,0.0,0.0,0,0,0,1964,617.1645502000003,179.99222671039283,0.0,0.0,True
8-11/Fold_Box/160829,8-11/Fold_Box,160829,baseline,complete,977,626,679,620,0.6407369498464688,0.6949846468781986,0.6345957011258956,0,0,0,261,90.87520449716907,23.973428072255743,12.541624579103257,605.510276000135,False
8-11/Fold_Box/160829,8-11/Fold_Box,160829,upright_table,complete,977,0,0,0,0.0,0.0,0.0,0,0,0,977,315.91023062596037,169.39103436289793,0.0,0.0,True
8-11/Fold_Box/160829,8-11/Fold_Box,160829,horizontal_wall,complete,977,0,0,0,0.0,0.0,0.0,0,0,0,977,880.6164253712337,179.97789860429546,0.0,0.0,True
8-11/Fold_Box/160829,8-11/Fold_Box,160829,inverted,complete,977,0,0,0,0.0,0.0,0.0,0,0,0,977,590.8389359758916,179.98269301072136,0.0,0.0,True
8-11/Fold_Box/161044,8-11/Fold_Box,161044,baseline,complete,1478,1447,1447,1447,0.9790257104194858,0.9790257104194858,0.9790257104194858,0,0,0,30,45.61300631014196,12.748608220275292,10.95049062989429,487.803088313191,False
8-11/Fold_Box/161044,8-11/Fold_Box,161044,upright_table,complete,1478,0,0,0,0.0,0.0,0.0,0,0,0,1478,404.6422492250333,164.01517342404924,0.0,0.0,True
8-11/Fold_Box/161044,8-11/Fold_Box,161044,horizontal_wall,complete,1478,0,0,0,0.0,0.0,0.0,0,0,0,1478,866.0191752287535,179.91397443792238,0.0,0.0,True
8-11/Fold_Box/161044,8-11/Fold_Box,161044,inverted,complete,1478,0,0,0,0.0,0.0,0.0,0,0,0,1478,639.231690125465,179.99903904404994,0.0,0.0,True
8-11/Fold_Box/161159,8-11/Fold_Box,161159,baseline,complete,4351,0,2543,0,0.0,0.5844633417605148,0.0,0,0,0,4351,933.5467855154138,138.53395142872418,9.376335413626776,404.25453731719546,False
8-11/Fold_Box/161159,8-11/Fold_Box,161159,upright_table,complete,4351,0,0,0,0.0,0.0,0.0,0,0,0,4351,647.4762716053867,179.99189423415132,0.0,0.0,True
8-11/Fold_Box/161159,8-11/Fold_Box,161159,horizontal_wall,complete,4351,0,0,0,0.0,0.0,0.0,0,0,0,4351,1217.2763676915556,179.97911867729889,0.0,0.0,True
8-11/Fold_Box/161159,8-11/Fold_Box,161159,inverted,complete,4351,0,0,0,0.0,0.0,0.0,0,0,0,4351,1020.8148503506395,179.99874470035934,0.0,0.0,True
8-11/Screw_Cap/162751,8-11/Screw_Cap,162751,baseline,complete,1490,666,0,0,0.4469798657718121,0.0,0.0,0,0,0,1490,1319.6517451452019,128.09385024517687,11.834516229144825,515.6417023759901,False
8-11/Screw_Cap/162751,8-11/Screw_Cap,162751,upright_table,infeasible,1490,692,43,43,0.46442953020134226,0.028859060402684565,0.028859060402684565,0,0,0,1444,1324.3038493688416,109.53473881995336,12.083572542539883,403.86251034591226,False
8-11/Screw_Cap/162751,8-11/Screw_Cap,162751,horizontal_wall,complete,1490,0,0,0,0.0,0.0,0.0,0,0,0,1490,1190.692499992333,164.63013713165088,0.0,0.0,True
8-11/Screw_Cap/162751,8-11/Screw_Cap,162751,inverted,complete,1490,445,0,0,0.2986577181208054,0.0,0.0,0,0,0,1490,1383.2300937159403,179.89375242145607,3.913368754689799,163.73985015681922,False
8-11/Screw_Cap/162818,8-11/Screw_Cap,162818,baseline,complete,1907,1180,0,0,0.6187729417933928,0.0,0.0,0,0,0,1907,1372.126196197235,157.5118474381696,11.250820282117726,527.909171419652,False
8-11/Screw_Cap/162818,8-11/Screw_Cap,162818,upright_table,infeasible,1907,757,0,0,0.3969585736759308,0.0,0.0,0,0,0,1907,1449.0478809811736,144.96294257780107,10.646945757758061,530.8415484368561,False
8-11/Screw_Cap/162818,8-11/Screw_Cap,162818,horizontal_wall,complete,1907,0,0,0,0.0,0.0,0.0,0,0,0,1907,1349.8635318348468,172.3324008021958,0.0,0.0,True
8-11/Screw_Cap/162818,8-11/Screw_Cap,162818,inverted,complete,1907,177,0,0,0.09281594126900891,0.0,0.0,0,0,0,1907,1487.615394361202,179.90761354997483,4.51936858507861,201.82941806821304,False
8-11/Screw_Cap/162854,8-11/Screw_Cap,162854,baseline,complete,2524,1242,55,55,0.4920760697305864,0.021790808240887482,0.021790808240887482,0,0,0,2449,1483.4644809375773,136.64695638683517,15.436123437776118,701.7753348410042,False
8-11/Screw_Cap/162854,8-11/Screw_Cap,162854,upright_table,infeasible,2524,848,0,0,0.3359746434231379,0.0,0.0,0,0,0,2524,1553.5417089792163,160.13037711812783,14.138728077401083,569.6306798608096,False
8-11/Screw_Cap/162854,8-11/Screw_Cap,162854,horizontal_wall,complete,2524,0,0,0,0.0,0.0,0.0,0,0,0,2524,1269.3667602554517,162.79524818859974,0.0,0.0,True
8-11/Screw_Cap/162854,8-11/Screw_Cap,162854,inverted,complete,2524,0,0,0,0.0,0.0,0.0,0,0,0,2524,1294.779598694229,179.83658484074766,0.0,0.0,True
8-11/Seal_Bag/161504,8-11/Seal_Bag,161504,baseline,complete,2439,2439,2439,2439,1.0,1.0,1.0,0,0,0,0,0.9999415623922546,0.49891350663323336,6.250432402390414,186.41137880461193,False
8-11/Seal_Bag/161504,8-11/Seal_Bag,161504,upright_table,complete,2439,56,0,0,0.022960229602296024,0.0,0.0,0,0,0,2439,509.69962166598646,179.90683079132714,2.3121028582871093,66.54972931135185,False
8-11/Seal_Bag/161504,8-11/Seal_Bag,161504,horizontal_wall,complete,2439,0,0,0,0.0,0.0,0.0,0,0,0,2439,868.6179899286594,179.99522967864192,0.0,0.0,True
8-11/Seal_Bag/161504,8-11/Seal_Bag,161504,inverted,complete,2439,0,0,0,0.0,0.0,0.0,0,0,0,2439,843.2148537045342,179.99450894278166,0.0,0.0,True
8-11/Seal_Bag/161532,8-11/Seal_Bag,161532,baseline,complete,1332,25,1325,25,0.01876876876876877,0.9947447447447447,0.01876876876876877,0,0,0,1307,448.5282233533129,77.64546388970228,4.62006415792294,115.34702977316417,False
8-11/Seal_Bag/161532,8-11/Seal_Bag,161532,upright_table,complete,1332,43,0,0,0.03228228228228228,0.0,0.0,0,0,0,1332,472.5088613205384,179.9007511167233,4.018989861425843,77.21770901506581,False
8-11/Seal_Bag/161532,8-11/Seal_Bag,161532,horizontal_wall,complete,1332,0,0,0,0.0,0.0,0.0,0,0,0,1332,883.3835292130204,179.78078045519908,0.0,0.0,True
8-11/Seal_Bag/161532,8-11/Seal_Bag,161532,inverted,complete,1332,0,0,0,0.0,0.0,0.0,0,0,0,1332,583.0191322242825,179.99379329293342,0.0,0.0,True
8-11/Seal_Bag/161549,8-11/Seal_Bag,161549,baseline,complete,976,0,976,0,0.0,1.0,0.0,0,0,0,976,369.9532146312749,91.76687393508213,5.356319544948818,196.28250782164503,False
8-11/Seal_Bag/161549,8-11/Seal_Bag,161549,upright_table,complete,976,37,0,0,0.03790983606557377,0.0,0.0,0,0,0,976,486.6626385225754,179.98998417210962,1.5215502160195662,171.26780915398902,False
8-11/Seal_Bag/161549,8-11/Seal_Bag,161549,horizontal_wall,complete,976,0,0,0,0.0,0.0,0.0,0,0,0,976,848.3203488768811,179.91184018779194,0.0,0.0,True
8-11/Seal_Bag/161549,8-11/Seal_Bag,161549,inverted,complete,976,0,0,0,0.0,0.0,0.0,0,0,0,976,594.6444326991124,179.99773809841997,0.0,0.0,True
8-11/WaterSoluble_AluminumPouch/155911,8-11/WaterSoluble_AluminumPouch,155911,baseline,complete,5918,0,37,0,0.0,0.006252112200067591,0.0,0,0,0,5918,588.2404592938852,169.64846269707056,1.898547204369918,88.83799940688331,False
8-11/WaterSoluble_AluminumPouch/155911,8-11/WaterSoluble_AluminumPouch,155911,upright_table,infeasible,5918,0,0,0,0.0,0.0,0.0,0,0,0,5918,536.9837122217293,172.99490595753207,0.0,0.0,True
8-11/WaterSoluble_AluminumPouch/155911,8-11/WaterSoluble_AluminumPouch,155911,horizontal_wall,complete,5918,0,0,0,0.0,0.0,0.0,0,0,0,5918,898.6341464467032,179.99726548831774,0.0,0.0,True
8-11/WaterSoluble_AluminumPouch/155911,8-11/WaterSoluble_AluminumPouch,155911,inverted,complete,5918,5699,0,0,0.9629942548158161,0.0,0.0,0,0,0,5918,679.2008197678638,179.9930584033748,11.5350817908119,554.5168455058466,False
8-11/WaterSoluble_AluminumPouch/160040,8-11/WaterSoluble_AluminumPouch,160040,baseline,complete,5053,0,306,0,0.0,0.060558084306352664,0.0,0,0,0,5053,604.9213095884375,179.99199173566143,6.392435748033552,384.0023242984763,False
8-11/WaterSoluble_AluminumPouch/160040,8-11/WaterSoluble_AluminumPouch,160040,upright_table,infeasible,5053,0,0,0,0.0,0.0,0.0,0,0,0,5053,549.972910395636,179.98917647790827,0.0,0.0,True
8-11/WaterSoluble_AluminumPouch/160040,8-11/WaterSoluble_AluminumPouch,160040,horizontal_wall,complete,5053,0,0,0,0.0,0.0,0.0,0,0,0,5053,911.8955225713967,179.99051640218303,0.0,0.0,True
8-11/WaterSoluble_AluminumPouch/160040,8-11/WaterSoluble_AluminumPouch,160040,inverted,complete,5053,691,0,0,0.13675044528003166,0.0,0.0,0,0,0,5053,645.1671014023752,179.93857161245157,5.83694049451071,166.83775298252385,False
8-11/WaterSoluble_AluminumPouch/160121,8-11/WaterSoluble_AluminumPouch,160121,baseline,complete,2693,0,40,0,0.0,0.014853323431117713,0.0,0,0,0,2693,578.5364650702671,179.81558745204893,6.52645345565986,311.4145054076473,False
8-11/WaterSoluble_AluminumPouch/160121,8-11/WaterSoluble_AluminumPouch,160121,upright_table,infeasible,2693,0,0,0,0.0,0.0,0.0,0,0,0,2693,544.9917005155058,179.73450176002908,0.0,0.0,True
8-11/WaterSoluble_AluminumPouch/160121,8-11/WaterSoluble_AluminumPouch,160121,horizontal_wall,complete,2693,0,0,0,0.0,0.0,0.0,0,0,0,2693,883.4382867779101,179.9894307366963,0.0,0.0,True
8-11/WaterSoluble_AluminumPouch/160121,8-11/WaterSoluble_AluminumPouch,160121,inverted,complete,2693,834,0,0,0.3096917935388043,0.0,0.0,0,0,0,2693,631.9083618436881,179.9631258832089,5.512260799456722,150.1011977710909,False
8-11/WaterSoluble_AluminumPouch/160201,8-11/WaterSoluble_AluminumPouch,160201,baseline,complete,3180,432,21,13,0.13584905660377358,0.006603773584905661,0.004088050314465409,0,0,0,3167,517.7316334332658,133.57687725224142,12.140891430125754,636.9209657705775,False
8-11/WaterSoluble_AluminumPouch/160201,8-11/WaterSoluble_AluminumPouch,160201,upright_table,infeasible,3180,536,0,0,0.16855345911949685,0.0,0.0,0,0,0,3180,308.17312475018286,105.340843998209,13.12420545566441,627.9596100629976,False
8-11/WaterSoluble_AluminumPouch/160201,8-11/WaterSoluble_AluminumPouch,160201,horizontal_wall,complete,3180,0,0,0,0.0,0.0,0.0,0,0,0,3180,964.8125749589618,179.9840507773765,0.0,0.0,True
8-11/WaterSoluble_AluminumPouch/160201,8-11/WaterSoluble_AluminumPouch,160201,inverted,complete,3180,1538,0,0,0.48364779874213837,0.0,0.0,0,0,0,3180,714.8874602111151,179.89056838652607,11.972096351618031,539.1653312895236,False
8-12/Bag_BoxPacking/110914,8-12/Bag_BoxPacking,110914,baseline,complete,11030,0,119,0,0.0,0.010788757932910245,0.0,0,0,0,11030,832.0992215593272,179.9942384004596,17.60287507343727,1188.3595138348842,False
8-12/Bag_BoxPacking/110914,8-12/Bag_BoxPacking,110914,upright_table,infeasible,11030,0,0,0,0.0,0.0,0.0,0,0,0,11030,576.2652519815322,148.85324851142877,0.0,0.0,True
8-12/Bag_BoxPacking/110914,8-12/Bag_BoxPacking,110914,horizontal_wall,complete,11030,0,0,0,0.0,0.0,0.0,0,0,0,11030,982.9020369510482,179.9971695754783,0.0,0.0,True
8-12/Bag_BoxPacking/110914,8-12/Bag_BoxPacking,110914,inverted,complete,11030,0,0,0,0.0,0.0,0.0,0,0,0,11030,630.8724217986806,179.99852206138897,0.0,0.0,True
8-12/Fold_Box/111132,8-12/Fold_Box,111132,baseline,complete,9476,879,237,179,0.0927606585056986,0.025010552975939213,0.018889826931194596,0,0,0,9237,446.18170855031667,179.9685369242306,12.584356329978355,701.9436874678497,False
8-12/Fold_Box/111132,8-12/Fold_Box,111132,upright_table,complete,9476,0,0,0,0.0,0.0,0.0,0,0,0,9476,604.1152258485731,179.99400653553107,0.0,0.0,True
8-12/Fold_Box/111132,8-12/Fold_Box,111132,horizontal_wall,complete,9476,0,0,0,0.0,0.0,0.0,0,0,0,9476,791.8287707582779,179.9982036317711,0.0,0.0,True
8-12/Fold_Box/111132,8-12/Fold_Box,111132,inverted,complete,9476,0,0,0,0.0,0.0,0.0,0,0,0,9476,788.0387450662847,179.99999281874557,0.0,0.0,True
8-12/InsertIntoBottle/112750,8-12/InsertIntoBottle,112750,baseline,complete,2296,38,2296,38,0.016550522648083623,1.0,0.016550522648083623,0,0,0,2258,770.1907308029213,78.76488334020475,8.746420847048356,364.86174863144055,False
8-12/InsertIntoBottle/112750,8-12/InsertIntoBottle,112750,upright_table,complete,2296,0,671,0,0.0,0.2922473867595819,0.0,0,0,0,2296,796.576853657588,168.43846036436122,11.878981887238957,557.1896266058151,False
8-12/InsertIntoBottle/112750,8-12/InsertIntoBottle,112750,horizontal_wall,complete,2296,0,0,0,0.0,0.0,0.0,0,0,0,2296,901.2487863029021,168.78780371513753,0.0,0.0,True
8-12/InsertIntoBottle/112750,8-12/InsertIntoBottle,112750,inverted,complete,2296,31,0,0,0.013501742160278746,0.0,0.0,0,0,0,2296,759.1619578799689,179.70288731388786,14.17580330431812,649.8650200678653,False
8-12/InsertIntoBottle/112858,8-12/InsertIntoBottle,112858,baseline,complete,2830,82,1815,82,0.028975265017667843,0.6413427561837456,0.028975265017667843,0,0,20,2079,952.8611319721346,91.17766415145002,15.4944089217081,674.4832641193884,False
8-12/InsertIntoBottle/112858,8-12/InsertIntoBottle,112858,upright_table,complete,2830,0,176,0,0.0,0.06219081272084806,0.0,0,0,0,2830,917.7708441671074,174.5214327016674,10.335493049668102,257.6000469555185,False
8-12/InsertIntoBottle/112858,8-12/InsertIntoBottle,112858,horizontal_wall,complete,2830,0,0,0,0.0,0.0,0.0,0,0,0,2830,965.7905514307505,156.69024179621,0.0,0.0,True
8-12/InsertIntoBottle/112858,8-12/InsertIntoBottle,112858,inverted,complete,2830,0,0,0,0.0,0.0,0.0,0,0,0,2830,1004.5956252328912,179.9239378076152,0.0,0.0,True
8-12/InsertIntoBottle/112945,8-12/InsertIntoBottle,112945,baseline,complete,2167,258,2166,258,0.11905860636825104,0.9995385325334564,0.11905860636825104,0,0,0,1545,780.8600857417038,135.7108033640666,14.783989945507358,831.6381048499228,False
8-12/InsertIntoBottle/112945,8-12/InsertIntoBottle,112945,upright_table,complete,2167,0,676,0,0.0,0.31195200738347945,0.0,0,0,0,2167,893.6589534742254,171.4106419339235,12.062436517670509,513.8328824543086,False
8-12/InsertIntoBottle/112945,8-12/InsertIntoBottle,112945,horizontal_wall,complete,2167,0,0,0,0.0,0.0,0.0,0,0,0,2167,853.867997881109,174.03928735954295,0.0,0.0,True
8-12/InsertIntoBottle/112945,8-12/InsertIntoBottle,112945,inverted,complete,2167,0,0,0,0.0,0.0,0.0,0,0,0,2167,915.1301364097918,179.99902531167234,0.0,0.0,True
8-12/InsertSmallPackageIntoMachine/111812,8-12/InsertSmallPackageIntoMachine,111812,baseline,complete,7350,0,0,0,0.0,0.0,0.0,0,0,0,7350,935.4305177700733,162.43857076132835,0.0,0.0,True
8-12/InsertSmallPackageIntoMachine/111812,8-12/InsertSmallPackageIntoMachine,111812,upright_table,complete,7350,0,0,0,0.0,0.0,0.0,0,0,0,7350,1128.3366251607479,163.09468880043548,0.0,0.0,True
8-12/InsertSmallPackageIntoMachine/111812,8-12/InsertSmallPackageIntoMachine,111812,horizontal_wall,complete,7350,0,0,0,0.0,0.0,0.0,0,0,0,7350,981.3857679819711,179.98383041794858,0.0,0.0,True
8-12/InsertSmallPackageIntoMachine/111812,8-12/InsertSmallPackageIntoMachine,111812,inverted,complete,7350,8,0,0,0.0010884353741496598,0.0,0.0,0,0,0,7350,745.0677799398085,179.998979051023,3.3079104062528515,77.63171416719908,False
8-12/PackIntoBox/112524,8-12/PackIntoBox,112524,baseline,complete,4417,644,0,0,0.14580031695721077,0.0,0.0,0,0,0,4417,571.350786780427,125.04834314877675,16.866353004170865,767.5410810502549,False
8-12/PackIntoBox/112524,8-12/PackIntoBox,112524,upright_table,complete,4417,189,0,0,0.042789223454833596,0.0,0.0,0,0,0,4417,604.0958429092332,179.83213553163108,12.055524730730653,550.1966260480863,False
8-12/PackIntoBox/112524,8-12/PackIntoBox,112524,horizontal_wall,complete,4417,0,0,0,0.0,0.0,0.0,0,0,0,4417,923.3459487743495,179.9904061628186,0.0,0.0,True
8-12/PackIntoBox/112524,8-12/PackIntoBox,112524,inverted,complete,4417,0,0,0,0.0,0.0,0.0,0,0,0,4417,930.6357925465885,179.98426228522933,0.0,0.0,True
8-12/PackIntoBox/112633,8-12/PackIntoBox,112633,baseline,complete,4695,90,0,0,0.019169329073482427,0.0,0.0,0,0,0,4695,588.8422284504891,129.3066214226789,4.151124122494721,177.18373403239053,False
8-12/PackIntoBox/112633,8-12/PackIntoBox,112633,upright_table,complete,4695,124,0,0,0.026411075612353566,0.0,0.0,0,0,0,4695,652.3316222291372,179.97223995404173,11.981717245844571,665.8218133879433,False
8-12/PackIntoBox/112633,8-12/PackIntoBox,112633,horizontal_wall,complete,4695,0,0,0,0.0,0.0,0.0,0,0,0,4695,882.7107960682997,179.97383797062298,0.0,0.0,True
8-12/PackIntoBox/112633,8-12/PackIntoBox,112633,inverted,complete,4695,0,0,0,0.0,0.0,0.0,0,0,0,4695,885.5891922952139,179.99994406348753,0.0,0.0,True
8-12/PourRawMaterial/111542,8-12/PourRawMaterial,111542,baseline,complete,5942,0,0,0,0.0,0.0,0.0,0,0,0,5942,1043.211003952759,179.9996104313681,0.0,0.0,True
8-12/PourRawMaterial/111542,8-12/PourRawMaterial,111542,upright_table,complete,5942,775,0,0,0.1304274654998317,0.0,0.0,0,0,0,5942,1218.4392593964008,176.87881168532195,9.072410535395086,486.59157142153197,False
8-12/PourRawMaterial/111542,8-12/PourRawMaterial,111542,horizontal_wall,complete,5942,0,0,0,0.0,0.0,0.0,0,0,0,5942,1032.795935497447,179.99856392816537,0.0,0.0,True
8-12/PourRawMaterial/111542,8-12/PourRawMaterial,111542,inverted,complete,5942,0,0,0,0.0,0.0,0.0,0,0,0,5942,940.9952968502774,179.99966922375881,0.0,0.0,True
8-12/PutIntoBox/113145,8-12/PutIntoBox,113145,baseline,complete,4804,0,0,0,0.0,0.0,0.0,4804,4803,0,4804,2322.6590783251627,179.9544981044972,0.0,0.0,True
8-12/PutIntoBox/113145,8-12/PutIntoBox,113145,upright_table,complete,4804,0,0,0,0.0,0.0,0.0,0,0,0,4804,2458.6189976670275,179.7688135898114,0.0,0.0,True
8-12/PutIntoBox/113145,8-12/PutIntoBox,113145,horizontal_wall,complete,4804,0,0,0,0.0,0.0,0.0,0,0,0,4804,2002.4578806145553,179.9915905438061,0.0,0.0,True
8-12/PutIntoBox/113145,8-12/PutIntoBox,113145,inverted,complete,4804,0,0,0,0.0,0.0,0.0,0,0,0,4804,2583.9861717339722,179.98778535131638,0.0,0.0,True
8-12/PutIntoBox/113250,8-12/PutIntoBox,113250,baseline,complete,4157,0,0,0,0.0,0.0,0.0,4157,4156,0,4157,875.5626460987734,132.75208844822708,0.0,0.0,True
8-12/PutIntoBox/113250,8-12/PutIntoBox,113250,upright_table,complete,4157,0,0,0,0.0,0.0,0.0,0,0,0,4157,800.4141823838299,152.20016284132623,0.0,0.0,True
8-12/PutIntoBox/113250,8-12/PutIntoBox,113250,horizontal_wall,complete,4157,3113,316,53,0.7488573490497955,0.07601635795044503,0.012749579023334135,0,0,0,3841,954.1077965970135,95.19362737268584,12.948002907653184,670.2589957600632,False
8-12/PutIntoBox/113250,8-12/PutIntoBox,113250,inverted,complete,4157,0,0,0,0.0,0.0,0.0,0,0,0,4157,833.2855397436721,179.23240548397666,0.0,0.0,True
